{
  "project_info": {
    "project_number": "598737009948",
    "firebase_url": "https://musicapp-1c0a3.firebaseio.com",
    "project_id": "musicapp-1c0a3",
    "storage_bucket": "musicapp-1c0a3.appspot.com"
  },
  "client": [
    {
      "client_info": {
        "mobilesdk_app_id": "1:598737009948:android:2128e80f745d15d1",
        "android_client_info": {
          "package_name": "com.musicalfind.music"
        }
      },
      "oauth_client": [
        {
          "client_id": "598737009948-jt6j03l6gm81aum0p0ihftmia3fded6j.apps.googleusercontent.com",
          "client_type": 3
        }
      ],
      "api_key": [
        {
          "current_key": "AIzaSyAyWyJx68dMaS_4zsrOIKibAnIEbfRPJG0"
        }
      ],
      "services": {
        "analytics_service": {
          "status": 1
        },
        "appinvite_service": {
          "status": 1,
          "other_platform_oauth_client": []
        },
        "ads_service": {
          "status": 2
        }
      }
    }
  ],
  "configuration_version": "1"
}
